"","IUID","pop"
"1",0,0
"2",1,189561
"3",0,0
"4",0,0
"5",1,171973
"6",0,0
"7",1,189561
"8",1,189561
"9",0,0
"10",0,0
"11",0,0
"12",0,0
"13",1,22746
"14",1,189561
"15",1,165452
"16",0,0
"17",1,14364
"18",1,189561
"19",0,0
"20",0,0
"21",0,0
"22",0,0
"23",1,189561
"24",1,189561
"25",1,189561
"26",1,189561
"27",0,0
"28",1,189561
"29",1,189561
"30",0,0
"31",1,46203
"32",1,189561
"33",1,11138
"34",0,0
"35",0,0
"36",1,189561
"37",0,0
"38",1,189561
"39",0,0
"40",1,161255
"41",1,189561
"42",0,0
"43",1,189561
"44",1,272605
"45",1,189561
"46",0,0
"47",1,189561
"48",0,0
"49",1,189561
"50",1,189561
"51",0,0
"52",0,0
"53",1,156843
"54",0,0
"55",1,4180
"56",0,0
"57",1,189561
"58",1,207328
"59",0,0
"60",1,333548
"61",0,0
"62",0,0
"63",0,0
"64",0,0
"65",1,457404
"66",0,0
"67",0,0
"68",0,0
"69",0,0
"70",1,6051
"71",0,0
"72",0,0
"73",0,0
"74",1,189561
"75",0,0
"76",1,189561
"77",1,189561
"78",1,189561
"79",1,153802
"80",0,0
"81",0,0
"82",0,0
"83",0,0
"84",0,0
"85",0,0
"86",0,0
"87",0,0
"88",0,0
"89",1,183849
"90",0,0
"91",1,241488
"92",0,0
"93",1,153716
"94",1,51476
"95",1,189561
"96",1,189561
"97",0,0
"98",0,0
"99",0,0
"100",1,192322
"101",0,0
"102",1,189561
"103",0,0
"104",0,0
"105",0,0
"106",1,189561
"107",1,189561
"108",1,16312
"109",0,0
"110",0,0
"111",0,0
"112",0,0
"113",0,0
"114",1,189561
"115",1,189561
"116",0,0
"117",1,189561
"118",0,0
"119",1,189561
"120",1,189561
"121",1,46081
"122",1,254461
"123",0,0
"124",0,0
"125",1,89365
"126",0,0
"127",0,0
"128",0,0
"129",1,189561
"130",0,0
"131",0,0
"132",1,658754
"133",0,0
"134",0,0
"135",1,84695
"136",0,0
"137",0,0
"138",1,189561
"139",0,0
"140",0,0
"141",0,0
"142",1,130037
"143",0,0
"144",0,0
"145",0,0
"146",0,0
"147",1,345283
"148",0,0
"149",1,148773
"150",0,0
"151",0,0
"152",0,0
"153",1,191853
"154",0,0
"155",1,189561
"156",0,0
"157",1,189561
"158",0,0
"159",0,0
"160",0,0
"161",1,320870
"162",0,0
"163",0,0
"164",1,74945
"165",1,714670
"166",1,189561
"167",1,189561
"168",0,0
"169",0,0
"170",0,0
"171",1,189561
"172",0,0
"173",0,0
"174",1,339386
"175",1,513494
"176",0,0
"177",0,0
"178",1,346102
"179",1,510043
"180",1,189561
"181",0,0
"182",0,0
"183",1,248415
"184",1,819949
"185",1,189561
"186",1,189561
"187",0,0
"188",0,0
"189",0,0
"190",1,189561
"191",0,0
"192",0,0
"193",1,189561
"194",0,0
"195",0,0
"196",0,0
"197",1,334954
"198",0,0
"199",0,0
"200",1,295220
"201",1,228022
"202",1,565583
"203",1,189561
"204",1,189561
"205",1,189561
"206",0,0
"207",0,0
"208",0,0
"209",1,440663
"210",1,104746
"211",1,297228
"212",0,0
"213",0,0
"214",1,360381
"215",0,0
"216",0,0
"217",0,0
"218",0,0
"219",1,212337
"220",1,906514
"221",1,443061
"222",1,779893
"223",0,0
"224",1,189561
"225",1,189561
"226",0,0
"227",1,141813
"228",1,189561
"229",0,0
"230",1,164001
"231",1,189561
"232",0,0
"233",1,26918
"234",0,0
"235",1,116611
"236",1,189561
"237",1,504342
"238",1,516396
"239",1,582190
"240",0,0
"241",0,0
"242",0,0
"243",1,480284
"244",1,189561
"245",0,0
"246",1,117464
"247",1,189561
"248",0,0
"249",1,85588
"250",1,202801
"251",1,90485
"252",1,66777
"253",1,533450
"254",0,0
"255",0,0
"256",0,0
"257",1,427010
"258",1,180134
"259",1,158633
"260",1,179112
"261",1,146546
"262",0,0
"263",0,0
"264",1,189561
"265",0,0
"266",1,94766
"267",1,257696
"268",1,189561
"269",1,226058
"270",1,189561
"271",1,189561
"272",1,189561
"273",1,331442
"274",1,669207
"275",0,0
"276",0,0
"277",0,0
"278",0,0
"279",1,138508
"280",1,1247675
"281",1,284654
"282",1,714039
"283",1,288801
"284",1,385900
"285",1,619563
"286",0,0
"287",1,189561
"288",1,94621
"289",0,0
"290",0,0
"291",0,0
"292",1,92479
"293",1,376510
"294",1,67175
"295",1,326717
"296",1,713141
"297",1,291053
"298",1,189561
"299",1,189561
"300",0,0
"301",0,0
"302",0,0
"303",0,0
"304",0,0
"305",1,205394
"306",0,0
"307",1,189561
"308",1,125594
"309",1,265703
"310",1,712821
"311",0,0
"312",0,0
"313",1,367092
"314",1,189561
"315",0,0
"316",0,0
"317",1,51367
"318",0,0
"319",0,0
"320",0,0
"321",0,0
"322",1,190364
"323",0,0
"324",0,0
"325",1,189561
"326",1,189561
"327",1,189561
"328",0,0
"329",0,0
"330",0,0
"331",1,189561
"332",1,189561
"333",0,0
"334",0,0
"335",1,189561
"336",0,0
"337",0,0
"338",1,481094
"339",1,247243
"340",1,404745
"341",1,189561
"342",1,189561
"343",1,189561
"344",1,189561
"345",1,189561
"346",1,306846
"347",1,209798
"348",0,0
"349",1,118821
"350",0,0
"351",1,398553
"352",1,548162
"353",1,342239
"354",1,629009
"355",1,296359
"356",0,0
"357",0,0
"358",1,179092
"359",1,250878
"360",1,238324
"361",1,207451
"362",0,0
"363",0,0
"364",1,189561
"365",0,0
"366",0,0
"367",0,0
"368",1,84854
"369",0,0
"370",0,0
"371",1,361955
"372",1,131708
"373",1,156948
"374",0,0
"375",0,0
"376",1,189561
"377",1,189561
"378",1,189561
"379",1,189561
"380",1,189561
"381",0,0
"382",0,0
"383",1,294849
"384",1,303001
"385",1,488264
"386",1,138099
"387",0,0
"388",1,189561
"389",1,189561
"390",0,0
"391",0,0
"392",0,0
"393",0,0
"394",1,286178
"395",1,500306
"396",1,189561
"397",1,189561
"398",1,189561
"399",0,0
"400",0,0
"401",0,0
"402",0,0
"403",1,270288
"404",1,467430
"405",1,1167617
"406",0,0
"407",1,189561
"408",1,189561
"409",0,0
"410",0,0
"411",0,0
"412",0,0
"413",0,0
"414",1,166042
"415",0,0
"416",1,195883
"417",1,421944
"418",1,411012
"419",0,0
"420",1,318930
"421",1,251297
"422",1,189561
"423",0,0
"424",0,0
"425",0,0
"426",0,0
"427",0,0
"428",0,0
"429",1,334747
"430",1,230950
"431",1,539106
"432",1,189561
"433",0,0
"434",0,0
"435",0,0
"436",0,0
"437",0,0
"438",0,0
"439",0,0
"440",1,388559
"441",0,0
"442",0,0
"443",1,189561
"444",0,0
"445",0,0
"446",0,0
"447",1,189561
"448",0,0
"449",0,0
"450",0,0
"451",0,0
"452",1,61756
"453",1,700729
"454",1,241473
"455",1,419088
"456",0,0
"457",1,189561
"458",0,0
"459",0,0
"460",0,0
"461",0,0
"462",0,0
"463",0,0
"464",1,177708
"465",0,0
"466",1,284092
"467",1,223742
"468",0,0
"469",1,153133
"470",1,173446
"471",1,160809
"472",0,0
"473",1,189561
"474",1,189561
"475",0,0
"476",1,400958
"477",1,184581
"478",1,238667
"479",1,189561
"480",0,0
"481",0,0
"482",0,0
"483",0,0
"484",0,0
"485",0,0
"486",1,395903
"487",1,144781
"488",1,205626
"489",1,254199
"490",1,277326
"491",0,0
"492",1,189561
"493",0,0
"494",0,0
"495",0,0
"496",1,147490
"497",1,189561
"498",0,0
"499",1,253687
"500",0,0
"501",0,0
"502",0,0
"503",1,96780
"504",1,158468
"505",1,447406
"506",0,0
"507",1,186994
"508",1,405058
"509",1,233999
"510",1,189561
"511",1,95600
"512",1,161681
"513",1,143886
"514",1,121065
"515",0,0
"516",0,0
"517",1,189561
"518",1,149734
"519",0,0
"520",1,233186
"521",1,126332
"522",1,290662
"523",1,309776
"524",1,243950
"525",1,302888
"526",1,213315
"527",1,315793
"528",1,157232
"529",0,0
"530",1,295794
"531",1,229019
"532",1,211938
"533",1,165453
"534",1,210606
"535",0,0
"536",1,189561
"537",1,189561
"538",1,189561
"539",0,0
"540",0,0
"541",0,0
"542",1,184739
"543",1,315595
"544",1,227112
"545",1,241799
"546",1,268184
"547",1,288078
"548",1,254439
"549",1,189252
"550",1,196202
"551",0,0
"552",0,0
"553",0,0
"554",0,0
"555",1,189561
"556",1,189561
"557",1,189561
"558",1,189561
"559",1,189561
"560",0,0
"561",0,0
"562",1,333557
"563",1,158544
"564",1,189561
"565",0,0
"566",1,189937
"567",1,428781
"568",1,272153
"569",0,0
"570",0,0
"571",0,0
"572",1,49288
"573",1,56447
"574",1,162087
"575",1,180377
"576",1,106427
"577",1,137574
"578",1,104500
"579",0,0
"580",0,0
"581",1,190558
"582",1,26917
"583",1,807416
"584",1,296869
"585",1,214733
"586",1,523250
"587",1,269477
"588",1,210024
"589",1,234006
"590",1,171648
"591",1,132005
"592",1,286870
"593",1,247739
"594",1,176389
"595",1,158554
"596",0,0
"597",0,0
"598",1,310070
"599",1,215617
"600",1,257651
"601",1,189561
"602",0,0
"603",1,370481
"604",1,382490
"605",1,424240
"606",1,180357
"607",1,452074
"608",1,456817
"609",1,94249
"610",1,189701
"611",1,222621
"612",1,264017
"613",1,151431
"614",1,215185
"615",1,189561
"616",1,29966
"617",1,12766
"618",1,5659
"619",1,8217
"620",1,8118
"621",1,8558
"622",1,6555
"623",1,13520
"624",1,7011
"625",1,151082
"626",1,387868
"627",1,107274
"628",1,147723
"629",1,222510
"630",0,0
"631",0,0
"632",1,189561
"633",1,139596
"634",0,0
"635",0,0
"636",0,0
"637",1,299362
"638",1,4882
"639",1,10270
"640",1,362000
"641",1,208181
"642",1,246228
"643",1,253341
"644",0,0
"645",1,189561
"646",0,0
"647",0,0
"648",1,58280
"649",1,17261
"650",1,370020
"651",1,296625
"652",1,208753
"653",1,286686
"654",1,110824
"655",1,193310
"656",0,0
"657",1,189561
"658",1,14499
"659",1,29611
"660",1,21871
"661",1,22319
"662",1,11493
"663",1,405085
"664",1,222669
"665",1,233893
"666",1,136841
"667",1,153040
"668",1,306579
"669",1,209855
"670",1,189561
"671",0,0
"672",0,0
"673",1,16048
"674",1,7539
"675",1,20208
"676",1,788193
"677",1,345234
"678",1,379454
"679",1,894987
"680",0,0
"681",0,0
"682",1,189561
"683",0,0
"684",0,0
"685",1,11790
"686",1,14799
"687",1,26017
"688",1,26471
"689",1,21083
"690",1,15598
"691",1,334530
"692",1,402387
"693",1,355541
"694",0,0
"695",1,189561
"696",1,189561
"697",1,8805
"698",1,44783
"699",1,16992
"700",1,16620
"701",1,70766
"702",1,117729
"703",1,181965
"704",0,0
"705",1,189561
"706",1,189561
"707",1,189561
"708",0,0
"709",1,21405
"710",1,10181
"711",1,140676
"712",1,644960
"713",1,195822
"714",1,993527
"715",0,0
"716",1,528193
"717",1,158977
"718",1,217364
"719",1,181628
"720",1,188711
"721",0,0
"722",0,0
"723",0,0
"724",0,0
"725",1,189561
"726",0,0
"727",1,14003
"728",1,11255
"729",1,16806
"730",1,17261
"731",1,291738
"732",1,196135
"733",1,156724
"734",1,381984
"735",1,177034
"736",1,373656
"737",0,0
"738",1,142701
"739",1,189561
"740",0,0
"741",0,0
"742",0,0
"743",1,7605
"744",1,14413
"745",1,73948
"746",1,16818
"747",1,225193
"748",1,258096
"749",1,281959
"750",1,193828
"751",1,294717
"752",1,290942
"753",1,264707
"754",0,0
"755",0,0
"756",0,0
"757",0,0
"758",0,0
"759",1,12388
"760",1,23273
"761",1,278093
"762",1,684293
"763",1,167435
"764",1,242185
"765",1,266538
"766",1,171842
"767",1,236710
"768",1,341698
"769",0,0
"770",1,189561
"771",1,189561
"772",1,232799
"773",1,14328
"774",1,42621
"775",1,8819
"776",1,45210
"777",0,0
"778",1,228467
"779",1,115482
"780",1,114509
"781",1,338754
"782",0,0
"783",1,189561
"784",1,9687
"785",1,6024
"786",1,15151
"787",1,11633
"788",1,6769
"789",1,204706
"790",1,366695
"791",1,224486
"792",1,388835
"793",1,315809
"794",1,291147
"795",0,0
"796",1,383710
"797",1,189561
"798",1,189561
"799",1,189561
"800",1,189561
"801",1,189561
"802",0,0
"803",1,21430
"804",1,30968
"805",1,23425
"806",1,5912
"807",1,295844
"808",1,305193
"809",1,198882
"810",1,134727
"811",0,0
"812",1,189561
"813",1,189561
"814",0,0
"815",0,0
"816",0,0
"817",1,27362
"818",1,6240
"819",1,240050
"820",1,141384
"821",1,10751
"822",1,7174
"823",1,11616
"824",1,16178
"825",1,144576
"826",1,160966
"827",1,231214
"828",1,207094
"829",1,144454
"830",1,339311
"831",1,317040
"832",1,84925
"833",1,150429
"834",0,0
"835",1,20885
"836",0,0
"837",0,0
"838",0,0
"839",1,9362
"840",1,4446
"841",1,270578
"842",1,124816
"843",1,252157
"844",1,253628
"845",1,408010
"846",1,177534
"847",1,238362
"848",0,0
"849",1,1943
"850",1,16170
"851",1,8961
"852",1,13907
"853",1,19501
"854",1,189482
"855",1,82027
"856",1,307664
"857",1,348252
"858",1,254317
"859",1,130926
"860",1,212054
"861",0,0
"862",1,64237
"863",0,0
"864",1,7386
"865",1,10989
"866",1,11133
"867",1,4123
"868",1,8544
"869",1,4522
"870",1,162926
"871",1,270236
"872",1,255285
"873",1,277103
"874",1,189561
"875",0,0
"876",0,0
"877",0,0
"878",1,7573
"879",1,23025
"880",1,345817
"881",0,0
"882",1,194931
"883",1,718882
"884",0,0
"885",0,0
"886",1,189561
"887",0,0
"888",0,0
"889",1,15776
"890",1,9852
"891",1,385799
"892",0,0
"893",1,365004
"894",1,188336
"895",0,0
"896",0,0
"897",1,189561
"898",1,67999
"899",0,0
"900",1,160588
"901",1,235575
"902",1,310701
"903",0,0
"904",0,0
"905",1,189561
"906",0,0
"907",1,274142
"908",1,167092
"909",1,365585
"910",1,228208
"911",1,262128
"912",1,431988
"913",1,134227
"914",1,189561
"915",0,0
"916",1,118946
"917",0,0
"918",1,3011
"919",1,21431
"920",1,523199
"921",0,0
"922",1,390803
"923",1,115951
"924",0,0
"925",1,327833
"926",1,213125
"927",1,260344
"928",1,224008
"929",0,0
"930",1,216833
"931",0,0
"932",0,0
"933",1,189561
"934",1,7117
"935",1,16803
"936",1,139045
"937",0,0
"938",1,313945
"939",1,188492
"940",1,189561
"941",0,0
"942",0,0
"943",0,0
"944",0,0
"945",1,3611
"946",0,0
"947",1,200489
"948",1,279483
"949",0,0
"950",1,216375
"951",0,0
"952",1,189561
"953",0,0
"954",1,2188
"955",1,228031
"956",1,175272
"957",1,200903
"958",1,349674
"959",1,363206
"960",1,189561
"961",0,0
"962",0,0
"963",1,1929
"964",1,14812
"965",0,0
"966",1,267329
"967",1,319226
"968",0,0
"969",1,189561
"970",1,189561
"971",0,0
"972",0,0
"973",1,6420
"974",1,20121
"975",1,18252
"976",1,181361
"977",1,284391
"978",1,171073
"979",1,583605
"980",1,370614
"981",1,164706
"982",1,78813
"983",1,103166
"984",1,187546
"985",1,201620
"986",1,319459
"987",1,375757
"988",1,346816
"989",1,270776
"990",0,0
"991",1,189561
"992",0,0
"993",0,0
"994",1,1876
"995",1,312231
"996",0,0
"997",1,123979
"998",1,189561
"999",0,0
"1000",0,0
"1001",0,0
"1002",0,0
"1003",0,0
"1004",1,330731
"1005",1,266294
"1006",1,242691
"1007",1,347885
"1008",1,394843
"1009",0,0
"1010",1,533728
"1011",1,189561
"1012",1,189561
"1013",0,0
"1014",1,323329
"1015",1,190490
"1016",1,127274
"1017",1,189561
"1018",0,0
"1019",1,4039
"1020",1,7846
"1021",1,11430
"1022",1,7790
"1023",1,155413
"1024",1,158137
"1025",1,189561
"1026",1,189561
"1027",0,0
"1028",0,0
"1029",1,17217
"1030",1,370863
"1031",1,395455
"1032",1,208405
"1033",1,285614
"1034",1,179328
"1035",1,122411
"1036",1,189561
"1037",1,189561
"1038",0,0
"1039",0,0
"1040",0,0
"1041",1,1518
"1042",1,705
"1043",1,857
"1044",1,114262
"1045",0,0
"1046",1,137544
"1047",1,404276
"1048",1,189561
"1049",1,25212
"1050",0,0
"1051",1,13305
"1052",1,210708
"1053",1,148270
"1054",1,105893
"1055",1,110964
"1056",1,95811
"1057",1,237056
"1058",1,274916
"1059",1,388802
"1060",1,189561
"1061",0,0
"1062",0,0
"1063",0,0
"1064",0,0
"1065",0,0
"1066",1,69341
"1067",1,64951
"1068",1,130449
"1069",1,199387
"1070",1,59964
"1071",0,0
"1072",1,189561
"1073",0,0
"1074",0,0
"1075",0,0
"1076",0,0
"1077",0,0
"1078",1,548563
"1079",1,336458
"1080",1,348604
"1081",1,171991
"1082",1,386751
"1083",1,242717
"1084",1,123091
"1085",1,186034
"1086",1,189561
"1087",0,0
"1088",0,0
"1089",0,0
"1090",0,0
"1091",0,0
"1092",1,181744
"1093",1,53900
"1094",1,61466
"1095",1,58989
"1096",1,67265
"1097",1,79579
"1098",1,123808
"1099",1,95207
"1100",1,146397
"1101",0,0
"1102",1,79144
"1103",1,593075
"1104",1,325449
"1105",0,0
"1106",1,189561
"1107",1,189561
"1108",1,189561
"1109",0,0
"1110",0,0
"1111",1,87845
"1112",1,189561
"1113",0,0
"1114",0,0
"1115",0,0
"1116",0,0
"1117",0,0
"1118",0,0
"1119",1,38091
"1120",0,0
"1121",0,0
"1122",1,189819
"1123",1,189561
"1124",1,189561
"1125",0,0
"1126",0,0
"1127",0,0
"1128",0,0
"1129",0,0
"1130",1,421938
"1131",1,63599
"1132",1,148139
"1133",0,0
"1134",0,0
"1135",1,34574
"1136",1,39301
"1137",0,0
"1138",0,0
"1139",0,0
"1140",1,247594
"1141",0,0
"1142",1,483017
"1143",1,190360
"1144",1,243565
"1145",1,149613
"1146",0,0
"1147",1,83219
"1148",0,0
"1149",0,0
"1150",0,0
"1151",0,0
"1152",0,0
"1153",0,0
"1154",1,153155
"1155",0,0
"1156",0,0
"1157",1,134321
"1158",1,267471
"1159",1,66200
"1160",1,105193
"1161",1,91433
"1162",1,45957
"1163",1,250411
"1164",1,214086
"1165",0,0
"1166",0,0
"1167",0,0
"1168",0,0
"1169",1,157730
"1170",0,0
"1171",1,209456
"1172",0,0
"1173",1,269220
"1174",1,94524
"1175",1,76452
"1176",0,0
"1177",0,0
"1178",0,0
"1179",0,0
"1180",0,0
"1181",0,0
"1182",0,0
"1183",1,155696
"1184",0,0
"1185",0,0
"1186",1,324507
"1187",1,493085
"1188",1,306828
"1189",1,456509
"1190",0,0
"1191",1,165854
"1192",1,170132
"1193",1,148993
"1194",0,0
"1195",0,0
"1196",0,0
"1197",1,510624
"1198",1,41118
"1199",1,351862
"1200",0,0
"1201",0,0
"1202",1,325893
"1203",1,155835
"1204",0,0
"1205",0,0
"1206",0,0
"1207",1,250791
"1208",0,0
"1209",0,0
"1210",0,0
"1211",0,0
"1212",0,0
"1213",1,38773
"1214",0,0
"1215",0,0
"1216",1,60595
"1217",1,111372
"1218",1,88287
"1219",1,56376
"1220",0,0
"1221",0,0
"1222",1,268587
"1223",1,73544
"1224",1,92956
"1225",0,0
"1226",1,208254
"1227",1,119494
"1228",1,136521
"1229",1,183616
"1230",1,277819
"1231",1,30462
"1232",1,76471
"1233",0,0
"1234",1,68698
"1235",0,0
"1236",1,179200
"1237",1,72709
"1238",1,17859
"1239",0,0
"1240",0,0
"1241",0,0
"1242",1,934442
"1243",1,60336
"1244",1,143150
"1245",1,131599
"1246",0,0
"1247",0,0
"1248",0,0
"1249",0,0
"1250",1,85765
"1251",1,257587
"1252",1,369441
"1253",1,141045
"1254",1,53468
"1255",1,248526
"1256",0,0
"1257",1,73168
"1258",0,0
"1259",0,0
"1260",1,105821
"1261",1,454097
"1262",1,205493
"1263",1,117672
"1264",1,178091
"1265",1,112057
"1266",1,291860
"1267",1,262265
"1268",0,0
"1269",1,296410
"1270",1,177741
"1271",1,79285
"1272",1,125765
"1273",1,124564
"1274",0,0
"1275",1,61715
"1276",0,0
"1277",0,0
"1278",0,0
"1279",1,103673
"1280",1,96800
"1281",1,99980
"1282",0,0
"1283",1,303244
"1284",1,142430
"1285",1,250406
"1286",0,0
"1287",1,127579
"1288",1,336734
"1289",1,153311
"1290",0,0
"1291",0,0
"1292",0,0
"1293",0,0
"1294",0,0
"1295",1,179207
"1296",1,288742
"1297",1,171161
"1298",1,436120
"1299",0,0
"1300",1,293001
"1301",0,0
"1302",0,0
"1303",1,97065
"1304",0,0
"1305",0,0
"1306",1,102576
"1307",1,81137
"1308",0,0
"1309",1,71408
"1310",0,0
"1311",0,0
"1312",0,0
"1313",0,0
"1314",1,56029
"1315",0,0
"1316",0,0
"1317",0,0
"1318",1,591795
"1319",1,118003
"1320",1,278658
"1321",1,206508
"1322",1,245079
"1323",1,265635
"1324",1,31907
"1325",0,0
"1326",1,448378
"1327",1,219352
"1328",1,50042
"1329",1,136930
"1330",0,0
"1331",0,0
"1332",0,0
"1333",0,0
"1334",1,119394
"1335",0,0
"1336",0,0
"1337",0,0
"1338",0,0
"1339",0,0
"1340",0,0
"1341",0,0
"1342",1,252562
"1343",1,84540
"1344",0,0
"1345",0,0
"1346",0,0
"1347",0,0
"1348",0,0
"1349",1,664426
"1350",1,241430
"1351",1,86647
"1352",1,112739
"1353",1,67767
"1354",0,0
"1355",0,0
"1356",0,0
"1357",1,152159
"1358",0,0
"1359",1,208872
"1360",1,189767
"1361",0,0
"1362",1,213756
"1363",0,0
"1364",0,0
"1365",0,0
"1366",0,0
"1367",1,422811
"1368",1,228692
"1369",0,0
"1370",1,76772
"1371",1,25054
"1372",0,0
"1373",1,128488
"1374",1,280332
"1375",1,203136
"1376",1,217923
"1377",1,241607
"1378",1,91493
"1379",0,0
"1380",0,0
"1381",0,0
"1382",0,0
"1383",0,0
"1384",0,0
"1385",1,189561
"1386",0,0
"1387",1,282341
"1388",1,289373
"1389",0,0
"1390",1,181353
"1391",1,406566
"1392",1,116087
"1393",1,155500
"1394",1,285747
"1395",0,0
"1396",1,189561
"1397",0,0
"1398",1,169399
"1399",1,70135
"1400",0,0
"1401",0,0
"1402",0,0
"1403",0,0
"1404",0,0
"1405",1,329515
"1406",1,94489
"1407",1,162129
"1408",0,0
"1409",0,0
"1410",0,0
"1411",0,0
"1412",1,260769
"1413",1,332143
"1414",1,125063
"1415",1,248478
"1416",0,0
"1417",0,0
"1418",1,523766
"1419",0,0
"1420",0,0
"1421",0,0
"1422",0,0
"1423",1,379395
"1424",1,379337
"1425",1,104645
"1426",1,337648
"1427",1,214189
"1428",1,264240
"1429",1,269973
"1430",1,201854
"1431",0,0
"1432",0,0
"1433",0,0
"1434",0,0
"1435",0,0
"1436",1,190550
"1437",0,0
"1438",1,384239
"1439",1,167384
"1440",1,236583
"1441",0,0
"1442",0,0
"1443",1,42229
"1444",1,287246
"1445",1,76393
"1446",0,0
"1447",1,222925
"1448",1,319088
"1449",1,164096
"1450",0,0
"1451",1,186120
"1452",0,0
"1453",0,0
"1454",0,0
"1455",0,0
"1456",0,0
"1457",0,0
"1458",0,0
"1459",0,0
"1460",0,0
"1461",0,0
"1462",0,0
"1463",1,52984
"1464",0,0
"1465",0,0
"1466",1,196079
"1467",0,0
"1468",1,205857
"1469",0,0
"1470",0,0
"1471",1,225781
"1472",1,171617
"1473",0,0
"1474",0,0
"1475",0,0
"1476",0,0
"1477",0,0
"1478",0,0
"1479",0,0
"1480",1,151802
"1481",1,246001
"1482",1,167425
"1483",0,0
"1484",1,151811
"1485",1,313220
"1486",1,283252
"1487",1,133150
"1488",1,354903
"1489",0,0
"1490",0,0
"1491",0,0
"1492",0,0
"1493",0,0
"1494",0,0
"1495",0,0
"1496",0,0
"1497",1,113066
"1498",1,174276
"1499",1,115166
"1500",1,176740
"1501",1,346289
"1502",0,0
"1503",1,101828
"1504",0,0
"1505",0,0
"1506",0,0
"1507",0,0
"1508",0,0
"1509",0,0
"1510",0,0
"1511",0,0
"1512",0,0
"1513",1,79249
"1514",1,82962
"1515",0,0
"1516",0,0
"1517",1,193878
"1518",0,0
"1519",0,0
"1520",0,0
"1521",0,0
"1522",0,0
"1523",0,0
"1524",1,674213
"1525",1,582173
"1526",1,182168
"1527",1,183214
"1528",1,80566
"1529",1,217488
"1530",0,0
"1531",1,268268
"1532",1,308595
"1533",0,0
"1534",1,247472
"1535",0,0
"1536",0,0
"1537",0,0
"1538",0,0
"1539",0,0
"1540",0,0
"1541",0,0
"1542",0,0
"1543",0,0
"1544",1,221004
"1545",1,100485
"1546",1,211090
"1547",1,110985
"1548",1,224408
"1549",0,0
"1550",0,0
"1551",0,0
"1552",0,0
"1553",0,0
"1554",1,151290
"1555",1,156365
"1556",1,258388
"1557",1,220884
"1558",0,0
"1559",1,189561
"1560",0,0
"1561",0,0
"1562",0,0
"1563",0,0
"1564",0,0
"1565",1,337847
"1566",1,308934
"1567",1,149971
"1568",0,0
"1569",1,271469
"1570",1,286754
"1571",1,134282
"1572",1,119822
"1573",1,123253
"1574",1,196673
"1575",1,189561
"1576",1,412226
"1577",0,0
"1578",1,143724
"1579",0,0
"1580",0,0
"1581",0,0
"1582",0,0
"1583",0,0
"1584",0,0
"1585",1,554409
"1586",1,207649
"1587",0,0
"1588",1,175571
"1589",1,181826
"1590",0,0
"1591",0,0
"1592",0,0
"1593",0,0
"1594",0,0
"1595",0,0
"1596",1,120255
"1597",0,0
"1598",1,455890
"1599",1,192778
"1600",1,174548
"1601",1,64859
"1602",0,0
"1603",0,0
"1604",0,0
"1605",1,143973
"1606",0,0
"1607",1,328545
"1608",1,70688
"1609",0,0
"1610",0,0
"1611",1,66024
"1612",0,0
"1613",0,0
"1614",0,0
"1615",1,214689
"1616",0,0
"1617",0,0
"1618",0,0
"1619",0,0
"1620",0,0
"1621",0,0
"1622",1,131808
"1623",0,0
"1624",0,0
"1625",0,0
"1626",0,0
"1627",0,0
"1628",0,0
"1629",1,323899
"1630",1,154830
"1631",1,134221
"1632",1,127738
"1633",1,205576
"1634",1,209754
"1635",0,0
"1636",0,0
"1637",0,0
"1638",0,0
"1639",0,0
"1640",0,0
"1641",0,0
"1642",0,0
"1643",0,0
"1644",0,0
"1645",0,0
"1646",1,232242
"1647",1,297165
"1648",0,0
"1649",0,0
"1650",0,0
"1651",0,0
"1652",0,0
"1653",1,127200
"1654",1,50515
"1655",1,442326
"1656",0,0
"1657",1,261690
"1658",1,146543
"1659",1,337389
"1660",1,105108
"1661",0,0
"1662",0,0
"1663",0,0
"1664",0,0
"1665",0,0
"1666",0,0
"1667",0,0
"1668",0,0
"1669",1,115869
"1670",0,0
"1671",0,0
"1672",0,0
"1673",0,0
"1674",0,0
"1675",0,0
"1676",1,174292
"1677",0,0
"1678",1,269169
"1679",1,156824
"1680",0,0
"1681",0,0
"1682",0,0
"1683",0,0
"1684",0,0
"1685",1,288019
"1686",1,226196
"1687",1,178331
"1688",1,81004
"1689",0,0
"1690",1,51820
"1691",0,0
"1692",0,0
"1693",1,92037
"1694",0,0
"1695",0,0
"1696",1,164149
"1697",1,151222
"1698",0,0
"1699",0,0
"1700",0,0
"1701",0,0
"1702",0,0
"1703",0,0
"1704",0,0
"1705",0,0
"1706",0,0
"1707",0,0
"1708",1,716495
"1709",1,349730
"1710",1,140007
"1711",0,0
"1712",1,192450
"1713",0,0
"1714",0,0
"1715",0,0
"1716",0,0
"1717",0,0
"1718",1,652012
"1719",1,576634
"1720",0,0
"1721",1,121276
"1722",1,109919
"1723",1,287683
"1724",1,205224
"1725",1,155185
"1726",1,189561
"1727",1,89630
"1728",1,89607
"1729",0,0
"1730",0,0
"1731",1,57232
"1732",0,0
"1733",0,0
"1734",0,0
"1735",1,1561599
"1736",1,536844
"1737",0,0
"1738",1,205430
"1739",1,200499
"1740",1,162519
"1741",1,189561
"1742",0,0
"1743",0,0
"1744",0,0
"1745",0,0
"1746",0,0
"1747",0,0
"1748",0,0
"1749",0,0
"1750",1,382986
"1751",0,0
"1752",0,0
"1753",0,0
"1754",1,71738
"1755",1,99498
"1756",0,0
"1757",0,0
"1758",0,0
"1759",0,0
"1760",0,0
"1761",0,0
"1762",0,0
"1763",0,0
"1764",0,0
"1765",0,0
"1766",0,0
"1767",0,0
"1768",1,204861
"1769",1,82349
"1770",0,0
"1771",0,0
"1772",0,0
"1773",0,0
"1774",1,129929
"1775",1,79428
"1776",0,0
"1777",1,175626
"1778",0,0
"1779",0,0
"1780",0,0
"1781",1,109251
"1782",1,332974
"1783",1,29944
"1784",0,0
"1785",0,0
"1786",0,0
"1787",0,0
"1788",0,0
"1789",0,0
"1790",0,0
"1791",0,0
"1792",0,0
"1793",0,0
"1794",0,0
"1795",1,268656
"1796",0,0
"1797",0,0
"1798",0,0
"1799",0,0
"1800",1,222535
"1801",1,174930
"1802",0,0
"1803",1,149440
"1804",1,277077
"1805",0,0
"1806",1,75611
"1807",0,0
"1808",0,0
"1809",0,0
"1810",0,0
"1811",0,0
"1812",0,0
"1813",0,0
"1814",0,0
"1815",0,0
"1816",1,187803
"1817",1,264121
"1818",1,184873
"1819",0,0
"1820",0,0
"1821",0,0
"1822",0,0
"1823",0,0
"1824",0,0
"1825",0,0
"1826",1,300861
"1827",0,0
"1828",0,0
"1829",0,0
"1830",1,85535
"1831",1,232182
"1832",1,165323
"1833",1,121007
"1834",0,0
"1835",1,24318
"1836",0,0
"1837",0,0
"1838",0,0
"1839",0,0
"1840",1,293425
"1841",1,82574
"1842",1,314525
"1843",0,0
"1844",1,89857
"1845",1,184872
"1846",1,51085
"1847",1,192982
"1848",1,149433
"1849",1,124094
"1850",0,0
"1851",0,0
"1852",0,0
"1853",0,0
"1854",0,0
"1855",0,0
"1856",0,0
"1857",1,97564
"1858",1,185003
"1859",0,0
"1860",0,0
"1861",0,0
"1862",0,0
"1863",1,90490
"1864",0,0
"1865",0,0
"1866",0,0
"1867",0,0
"1868",0,0
"1869",0,0
"1870",1,113337
"1871",0,0
"1872",1,164728
"1873",1,133368
"1874",1,201938
"1875",1,219332
"1876",1,60004
"1877",0,0
"1878",0,0
"1879",1,129407
"1880",1,182847
"1881",1,305197
"1882",1,233055
"1883",1,219773
"1884",0,0
"1885",0,0
"1886",0,0
"1887",0,0
"1888",0,0
"1889",1,149675
"1890",0,0
"1891",0,0
"1892",0,0
"1893",0,0
"1894",0,0
"1895",0,0
"1896",1,102609
"1897",1,192107
"1898",1,160612
"1899",1,247284
"1900",1,275701
"1901",0,0
"1902",1,299040
"1903",1,189561
"1904",0,0
"1905",0,0
"1906",0,0
"1907",0,0
"1908",0,0
"1909",0,0
"1910",1,454792
"1911",1,72526
"1912",1,139356
"1913",1,105584
"1914",1,190165
"1915",0,0
"1916",0,0
"1917",1,409966
"1918",1,73363
"1919",1,24691
"1920",0,0
"1921",0,0
"1922",0,0
"1923",0,0
"1924",1,220023
"1925",1,303054
"1926",1,243497
"1927",0,0
"1928",1,162976
"1929",1,178026
"1930",1,294715
"1931",1,133392
"1932",1,91625
"1933",0,0
"1934",0,0
"1935",0,0
"1936",0,0
"1937",0,0
"1938",0,0
"1939",1,222906
"1940",0,0
"1941",1,263815
"1942",1,115562
"1943",1,105038
"1944",1,204870
"1945",1,119844
"1946",1,168621
"1947",1,30035
"1948",0,0
"1949",0,0
"1950",0,0
"1951",1,583626
"1952",0,0
"1953",0,0
"1954",0,0
"1955",1,104815
"1956",1,425421
"1957",1,204278
"1958",1,241803
"1959",1,109583
"1960",1,126176
"1961",1,111880
"1962",0,0
"1963",0,0
"1964",0,0
"1965",0,0
"1966",0,0
"1967",0,0
"1968",1,379586
"1969",1,379078
"1970",1,107229
"1971",0,0
"1972",1,181459
"1973",0,0
"1974",0,0
"1975",0,0
"1976",1,104555
"1977",1,368549
"1978",1,225589
"1979",0,0
"1980",0,0
"1981",1,189561
"1982",0,0
"1983",1,108082
"1984",0,0
"1985",0,0
"1986",1,270259
"1987",1,104700
"1988",0,0
"1989",0,0
"1990",1,207317
"1991",1,211869
"1992",1,146930
"1993",1,227827
"1994",1,360709
"1995",1,438999
"1996",0,0
"1997",0,0
"1998",0,0
"1999",1,98031
"2000",0,0
"2001",1,62995
"2002",0,0
"2003",1,203123
"2004",1,156805
"2005",1,361322
"2006",1,441482
"2007",1,494797
"2008",1,302850
"2009",0,0
"2010",0,0
"2011",0,0
"2012",1,160521
"2013",1,464739
"2014",1,180466
"2015",0,0
"2016",1,189871
"2017",0,0
"2018",0,0
"2019",1,129415
"2020",1,316349
"2021",1,113625
"2022",0,0
"2023",0,0
"2024",1,11735
"2025",0,0
"2026",0,0
"2027",0,0
"2028",0,0
"2029",0,0
"2030",0,0
"2031",0,0
"2032",0,0
"2033",1,51983
"2034",0,0
"2035",1,197953
"2036",0,0
"2037",0,0
"2038",1,56893
"2039",0,0
"2040",0,0
"2041",0,0
"2042",1,421250
"2043",1,250649
"2044",1,345011
"2045",1,259280
"2046",1,243069
"2047",1,181394
"2048",0,0
"2049",0,0
"2050",0,0
"2051",0,0
"2052",0,0
"2053",1,103618
"2054",1,190794
"2055",1,151299
"2056",0,0
"2057",0,0
"2058",0,0
"2059",1,186565
"2060",1,238303
"2061",1,199748
"2062",0,0
"2063",0,0
"2064",1,250923
"2065",0,0
"2066",0,0
"2067",0,0
"2068",0,0
"2069",1,145310
"2070",1,279459
"2071",0,0
"2072",1,142231
"2073",1,301737
"2074",1,220771
"2075",1,98539
"2076",1,311091
"2077",0,0
"2078",0,0
"2079",0,0
"2080",0,0
"2081",0,0
"2082",0,0
"2083",0,0
"2084",0,0
"2085",0,0
"2086",0,0
"2087",0,0
"2088",1,259500
"2089",0,0
"2090",0,0
"2091",0,0
"2092",0,0
"2093",1,360885
"2094",1,796516
"2095",0,0
"2096",1,72563
"2097",1,177861
"2098",1,212821
"2099",0,0
"2100",0,0
"2101",1,342832
"2102",1,151116
"2103",0,0
"2104",0,0
"2105",0,0
"2106",1,45156
"2107",0,0
"2108",0,0
"2109",1,301900
"2110",1,150882
"2111",1,157705
"2112",1,64256
"2113",1,74569
"2114",1,110040
"2115",1,103055
"2116",1,272406
"2117",0,0
"2118",1,45721
"2119",1,64337
"2120",1,138979
"2121",0,0
"2122",0,0
"2123",0,0
"2124",0,0
"2125",0,0
"2126",0,0
"2127",0,0
"2128",1,65328
"2129",1,315474
"2130",0,0
"2131",1,391045
"2132",1,130373
"2133",0,0
"2134",0,0
"2135",1,232205
"2136",1,221302
"2137",1,403363
"2138",1,103293
"2139",1,381327
"2140",0,0
"2141",0,0
"2142",0,0
"2143",0,0
"2144",1,106928
"2145",1,76033
"2146",1,151906
"2147",0,0
"2148",0,0
"2149",0,0
"2150",0,0
"2151",1,113075
"2152",0,0
"2153",1,189561
"2154",0,0
"2155",0,0
"2156",0,0
"2157",0,0
"2158",1,82588
"2159",0,0
"2160",1,203093
"2161",1,136273
"2162",1,58862
"2163",1,150725
"2164",0,0
"2165",0,0
"2166",0,0
"2167",0,0
"2168",0,0
"2169",1,400006
"2170",0,0
"2171",0,0
"2172",0,0
"2173",0,0
"2174",1,138521
"2175",0,0
"2176",0,0
"2177",1,426833
"2178",1,135546
"2179",0,0
"2180",1,83104
"2181",0,0
"2182",0,0
"2183",0,0
"2184",1,139914
"2185",1,462999
"2186",0,0
"2187",0,0
"2188",0,0
"2189",0,0
"2190",1,45382
"2191",1,232762
"2192",1,349331
"2193",1,317541
"2194",1,246591
"2195",1,234672
"2196",0,0
"2197",1,147968
"2198",0,0
"2199",0,0
"2200",0,0
"2201",0,0
"2202",0,0
"2203",0,0
"2204",0,0
"2205",0,0
"2206",1,108925
"2207",0,0
"2208",0,0
"2209",1,87732
"2210",1,246017
"2211",0,0
"2212",1,265173
"2213",0,0
"2214",0,0
"2215",0,0
"2216",1,175240
"2217",0,0
"2218",1,186590
"2219",0,0
"2220",1,164520
"2221",0,0
"2222",1,204592
"2223",1,290649
"2224",0,0
"2225",0,0
"2226",0,0
"2227",0,0
"2228",1,196399
"2229",1,317220
"2230",1,170656
"2231",0,0
"2232",0,0
"2233",0,0
"2234",0,0
"2235",0,0
"2236",1,124071
"2237",1,10519
"2238",1,207364
"2239",0,0
"2240",0,0
"2241",0,0
"2242",0,0
"2243",0,0
"2244",0,0
"2245",1,270006
"2246",0,0
"2247",1,77734
"2248",1,212335
"2249",0,0
"2250",0,0
"2251",1,231205
"2252",1,322671
"2253",1,145877
"2254",1,60794
"2255",1,95914
"2256",1,155477
"2257",0,0
"2258",0,0
"2259",0,0
"2260",0,0
"2261",0,0
"2262",0,0
"2263",1,280040
"2264",0,0
"2265",0,0
"2266",0,0
"2267",1,129024
"2268",1,118353
"2269",1,156745
"2270",1,90414
"2271",1,725876
"2272",1,321972
"2273",1,230785
"2274",1,174846
"2275",1,189561
"2276",1,189561
"2277",1,12968
"2278",1,36307
"2279",1,55429
"2280",1,133666
"2281",1,162957
"2282",0,0
"2283",1,371970
"2284",0,0
"2285",0,0
"2286",1,738357
"2287",0,0
"2288",1,200113
"2289",1,218370
"2290",1,288451
"2291",1,270653
"2292",0,0
"2293",1,65599
"2294",0,0
"2295",0,0
"2296",0,0
"2297",0,0
"2298",0,0
"2299",1,64652
"2300",1,310849
"2301",0,0
"2302",0,0
"2303",1,53280
"2304",0,0
"2305",1,917252
"2306",1,400616
"2307",0,0
"2308",1,322574
"2309",1,236967
"2310",0,0
"2311",0,0
"2312",0,0
"2313",0,0
"2314",0,0
"2315",0,0
"2316",1,221555
"2317",0,0
"2318",0,0
"2319",0,0
"2320",0,0
"2321",0,0
"2322",0,0
"2323",1,125252
"2324",1,70844
"2325",0,0
"2326",0,0
"2327",1,384727
"2328",1,205087
"2329",1,208221
"2330",1,158243
"2331",1,109867
"2332",1,86648
"2333",0,0
"2334",0,0
"2335",0,0
"2336",0,0
"2337",0,0
"2338",0,0
"2339",0,0
"2340",0,0
"2341",0,0
"2342",1,83156
"2343",1,101637
"2344",0,0
"2345",1,256597
"2346",1,23017
"2347",1,1185855
"2348",1,683018
"2349",0,0
"2350",0,0
"2351",0,0
"2352",0,0
"2353",0,0
"2354",0,0
"2355",0,0
"2356",1,98989
"2357",0,0
"2358",1,158964
"2359",1,233958
"2360",1,189561
"2361",1,88151
"2362",0,0
"2363",0,0
"2364",0,0
"2365",0,0
"2366",1,90329
"2367",1,158224
"2368",0,0
"2369",0,0
"2370",1,98326
"2371",1,37723
"2372",1,144345
"2373",1,211368
"2374",1,58244
"2375",1,101536
"2376",1,105228
"2377",1,122294
"2378",1,35540
"2379",0,0
"2380",0,0
"2381",1,219526
"2382",1,63634
"2383",0,0
"2384",1,70849
"2385",1,199181
"2386",1,115506
"2387",0,0
"2388",0,0
"2389",1,155231
"2390",1,337531
"2391",1,15913
"2392",1,40391
"2393",0,0
"2394",0,0
"2395",1,276931
"2396",0,0
"2397",0,0
"2398",0,0
"2399",1,213639
"2400",0,0
"2401",1,253173
"2402",1,202221
"2403",1,60843
"2404",1,113508
"2405",0,0
"2406",0,0
"2407",0,0
"2408",0,0
"2409",0,0
"2410",0,0
"2411",0,0
"2412",0,0
"2413",0,0
"2414",0,0
"2415",1,224138
"2416",1,223847
"2417",1,159554
"2418",1,65873
"2419",1,31343
"2420",0,0
"2421",0,0
"2422",0,0
"2423",0,0
"2424",0,0
"2425",0,0
"2426",0,0
"2427",0,0
"2428",0,0
"2429",1,193824
"2430",1,231630
"2431",1,209152
"2432",1,128581
"2433",0,0
"2434",0,0
"2435",0,0
"2436",1,114912
"2437",1,331366
"2438",0,0
"2439",0,0
"2440",1,174502
"2441",1,273130
"2442",1,200737
"2443",1,237716
"2444",1,56469
"2445",1,90034
"2446",1,42184
"2447",0,0
"2448",0,0
"2449",1,349228
"2450",1,141783
"2451",0,0
"2452",0,0
"2453",0,0
"2454",0,0
"2455",1,237662
"2456",0,0
"2457",1,295834
"2458",1,132532
"2459",1,206287
"2460",0,0
"2461",0,0
"2462",0,0
"2463",1,229378
"2464",0,0
"2465",0,0
"2466",0,0
"2467",0,0
"2468",1,95150
"2469",1,69999
"2470",1,243245
"2471",1,88472
"2472",0,0
"2473",0,0
"2474",0,0
"2475",0,0
"2476",0,0
"2477",1,110389
"2478",0,0
"2479",1,297858
"2480",0,0
"2481",1,189270
"2482",0,0
"2483",0,0
"2484",1,43887
"2485",1,69127
"2486",0,0
"2487",1,24222
"2488",1,92141
"2489",0,0
"2490",1,188390
"2491",1,286293
"2492",1,83810
"2493",1,429419
"2494",1,189561
"2495",1,248740
"2496",0,0
"2497",0,0
"2498",0,0
"2499",0,0
"2500",0,0
"2501",1,130907
"2502",0,0
"2503",0,0
"2504",1,305863
"2505",1,218123
"2506",1,258055
"2507",1,225977
"2508",1,204883
"2509",0,0
"2510",1,37103
"2511",1,275603
"2512",0,0
"2513",0,0
"2514",0,0
"2515",1,88978
"2516",0,0
"2517",0,0
"2518",0,0
"2519",0,0
"2520",1,142222
"2521",1,199611
"2522",0,0
"2523",1,44945
"2524",1,277155
"2525",0,0
"2526",0,0
"2527",0,0
"2528",0,0
"2529",1,210838
"2530",1,45330
"2531",0,0
"2532",1,165959
"2533",1,322100
"2534",0,0
"2535",0,0
"2536",1,215890
"2537",1,110648
"2538",1,142794
"2539",0,0
"2540",1,105224
"2541",0,0
"2542",1,218364
"2543",1,182290
"2544",1,101176
"2545",0,0
"2546",0,0
"2547",1,129339
"2548",1,80685
"2549",1,103954
"2550",0,0
"2551",0,0
"2552",1,416528
"2553",1,196737
"2554",1,157760
"2555",1,189561
"2556",0,0
"2557",0,0
"2558",0,0
"2559",0,0
"2560",1,171647
"2561",1,168885
"2562",0,0
"2563",1,287215
"2564",1,193067
"2565",1,160846
"2566",0,0
"2567",1,264827
"2568",1,337934
"2569",1,233221
"2570",1,49107
"2571",1,19869
"2572",0,0
"2573",0,0
"2574",0,0
"2575",1,94926
"2576",1,203132
"2577",1,147282
"2578",0,0
"2579",1,418264
"2580",0,0
"2581",1,276794
"2582",1,197138
"2583",1,136813
"2584",1,208327
"2585",1,42541
"2586",1,193957
"2587",0,0
"2588",0,0
"2589",0,0
"2590",1,170448
"2591",1,136225
"2592",1,112279
"2593",1,140571
"2594",1,180490
"2595",0,0
"2596",0,0
"2597",1,189561
"2598",1,60418
"2599",0,0
"2600",0,0
"2601",0,0
"2602",0,0
"2603",1,221786
"2604",1,191057
"2605",1,634630
"2606",0,0
"2607",0,0
"2608",1,154148
"2609",1,304182
"2610",1,85981
"2611",1,47678
"2612",1,75766
"2613",1,67534
"2614",0,0
"2615",1,456240
"2616",0,0
"2617",1,97233
"2618",1,150748
"2619",1,114652
"2620",0,0
"2621",1,198719
"2622",1,251631
"2623",1,234631
"2624",1,370844
"2625",1,27230
"2626",0,0
"2627",0,0
"2628",1,121468
"2629",1,84367
"2630",1,339748
"2631",0,0
"2632",1,125412
"2633",1,229616
"2634",1,72045
"2635",1,180396
"2636",1,176663
"2637",1,270598
"2638",0,0
"2639",1,313904
"2640",1,136838
"2641",0,0
"2642",1,80856
"2643",1,715981
"2644",0,0
"2645",1,197625
"2646",0,0
"2647",1,468756
"2648",0,0
"2649",1,32820
"2650",1,41825
"2651",1,89128
"2652",1,525933
"2653",1,76120
"2654",1,610731
"2655",1,176629
"2656",1,104942
"2657",1,108511
"2658",1,188611
"2659",1,89642
"2660",1,487089
"2661",1,241784
"2662",1,220468
"2663",1,211924
"2664",1,38662
"2665",0,0
"2666",0,0
"2667",1,180027
"2668",1,153136
"2669",1,257983
"2670",1,190225
"2671",0,0
"2672",1,29260
"2673",0,0
"2674",1,189561
"2675",0,0
"2676",1,63876
"2677",0,0
"2678",1,68255
"2679",1,185771
"2680",0,0
"2681",1,21908
"2682",1,25480
"2683",0,0
"2684",1,65171
"2685",1,286792
"2686",1,81263
"2687",0,0
"2688",1,810369
"2689",1,119440
"2690",1,302765
"2691",1,250116
"2692",0,0
"2693",0,0
"2694",1,65458
"2695",1,98787
"2696",0,0
"2697",0,0
"2698",1,189098
"2699",1,222015
"2700",1,93335
"2701",0,0
"2702",1,133029
"2703",1,42230
"2704",1,166757
"2705",1,106548
"2706",0,0
"2707",1,229863
"2708",1,261539
"2709",1,343875
"2710",1,138356
"2711",1,82018
"2712",1,73155
"2713",1,171715
"2714",1,51478
"2715",1,98304
"2716",0,0
"2717",1,81968
"2718",0,0
"2719",0,0
"2720",0,0
"2721",1,163078
"2722",0,0
"2723",1,80690
"2724",1,49758
"2725",1,201745
"2726",1,72952
"2727",1,440314
"2728",0,0
"2729",0,0
"2730",1,239187
"2731",1,189561
"2732",1,671079
"2733",1,122074
"2734",1,81146
"2735",1,145320
"2736",1,371681
"2737",1,45997
"2738",0,0
"2739",0,0
"2740",1,127387
"2741",0,0
"2742",0,0
"2743",0,0
"2744",0,0
"2745",1,264164
"2746",0,0
"2747",1,248030
"2748",0,0
"2749",0,0
"2750",1,21625
"2751",0,0
"2752",1,143444
"2753",1,186936
"2754",1,168561
"2755",1,167646
"2756",0,0
"2757",0,0
"2758",1,14717
"2759",0,0
"2760",1,89292
"2761",1,152694
"2762",1,134304
"2763",0,0
"2764",0,0
"2765",1,344315
"2766",0,0
"2767",1,405581
"2768",0,0
"2769",1,73444
"2770",1,149234
"2771",0,0
"2772",1,255092
"2773",1,215056
"2774",0,0
"2775",0,0
"2776",0,0
"2777",1,120566
"2778",1,57467
"2779",1,10579
"2780",1,60436
"2781",1,243645
"2782",1,306065
"2783",1,102951
"2784",1,181995
"2785",1,189561
"2786",1,340439
"2787",1,180490
"2788",1,296873
"2789",1,87813
"2790",0,0
"2791",1,92276
"2792",0,0
"2793",1,150942
"2794",1,290878
"2795",1,208860
"2796",1,170071
"2797",0,0
"2798",1,103912
"2799",1,78038
"2800",1,149846
"2801",1,83459
"2802",1,115957
"2803",1,19821
"2804",0,0
"2805",0,0
"2806",0,0
"2807",0,0
"2808",0,0
"2809",1,72128
"2810",0,0
"2811",0,0
"2812",0,0
"2813",1,138286
"2814",1,164899
"2815",0,0
"2816",1,177297
"2817",0,0
"2818",1,86659
"2819",1,139704
"2820",1,143057
"2821",0,0
"2822",1,26529
"2823",1,287006
"2824",1,202831
"2825",1,154690
"2826",0,0
"2827",1,312385
"2828",1,50106
"2829",1,22121
"2830",0,0
"2831",0,0
"2832",0,0
"2833",0,0
"2834",0,0
"2835",1,189561
"2836",1,116486
"2837",0,0
"2838",1,20776
"2839",0,0
"2840",1,194902
"2841",0,0
"2842",1,54941
"2843",1,56691
"2844",1,331953
"2845",0,0
"2846",0,0
"2847",0,0
"2848",1,182386
"2849",1,144171
"2850",1,83438
"2851",1,117152
"2852",0,0
"2853",1,21824
"2854",0,0
"2855",0,0
"2856",1,141492
"2857",0,0
"2858",0,0
"2859",0,0
"2860",1,141732
"2861",0,0
"2862",0,0
"2863",0,0
"2864",0,0
"2865",0,0
"2866",0,0
"2867",1,175089
"2868",0,0
"2869",0,0
"2870",0,0
"2871",1,123680
"2872",0,0
"2873",0,0
"2874",1,82694
"2875",1,157591
"2876",0,0
"2877",0,0
"2878",0,0
"2879",1,13211
"2880",0,0
"2881",1,28592
"2882",1,277191
"2883",1,562860
"2884",1,161388
"2885",0,0
"2886",1,85532
"2887",1,57423
"2888",1,246077
"2889",0,0
"2890",0,0
"2891",1,239733
"2892",1,236893
"2893",0,0
"2894",0,0
"2895",1,174314
"2896",0,0
"2897",0,0
"2898",0,0
"2899",0,0
"2900",1,182502
"2901",0,0
"2902",0,0
"2903",0,0
"2904",1,261508
"2905",1,223249
"2906",0,0
"2907",1,420049
"2908",0,0
"2909",0,0
"2910",1,44592
"2911",1,125684
"2912",1,220455
"2913",0,0
"2914",1,242975
"2915",1,298032
"2916",0,0
"2917",1,216095
"2918",1,911571
"2919",0,0
"2920",1,264458
"2921",1,210193
"2922",0,0
"2923",1,319976
"2924",0,0
"2925",1,103200
"2926",1,202669
"2927",0,0
"2928",1,146892
"2929",1,120362
"2930",1,404286
"2931",1,35997
"2932",1,312093
"2933",1,160007
"2934",1,323833
"2935",1,120081
"2936",1,43251
"2937",0,0
"2938",1,125344
"2939",0,0
"2940",0,0
"2941",1,144219
"2942",1,287961
"2943",0,0
"2944",0,0
"2945",1,159020
"2946",0,0
"2947",0,0
"2948",1,198334
"2949",1,165116
"2950",1,288714
"2951",1,186036
"2952",1,249459
"2953",0,0
"2954",1,277188
"2955",1,94792
"2956",0,0
"2957",1,85550
"2958",0,0
"2959",1,278726
"2960",1,126926
"2961",0,0
"2962",0,0
"2963",1,194993
"2964",1,445397
"2965",1,473723
"2966",1,121036
"2967",0,0
"2968",0,0
"2969",1,357937
"2970",0,0
"2971",1,156239
"2972",1,153056
"2973",1,137766
"2974",0,0
"2975",1,277850
"2976",1,264166
"2977",1,77357
"2978",0,0
"2979",0,0
"2980",1,119962
"2981",1,161065
"2982",1,110890
"2983",1,86735
"2984",1,314537
"2985",1,102490
"2986",0,0
"2987",1,197092
"2988",1,15956
"2989",1,54665
"2990",1,104727
"2991",1,115063
"2992",0,0
"2993",0,0
"2994",1,153378
"2995",0,0
"2996",1,240391
"2997",0,0
"2998",0,0
"2999",1,122792
"3000",0,0
"3001",1,17846
"3002",1,187867
"3003",1,427961
"3004",1,192989
"3005",0,0
"3006",1,75509
"3007",1,82675
"3008",1,125745
"3009",1,35156
"3010",0,0
"3011",1,73573
"3012",0,0
"3013",1,122265
"3014",1,231870
"3015",1,75443
"3016",1,112346
"3017",1,224359
"3018",1,47665
"3019",0,0
"3020",1,212564
"3021",1,123362
"3022",1,249638
"3023",1,62415
"3024",0,0
"3025",1,90619
"3026",1,344613
"3027",0,0
"3028",1,58410
"3029",1,128612
"3030",0,0
"3031",0,0
"3032",0,0
"3033",0,0
"3034",0,0
"3035",1,65570
"3036",1,88347
"3037",1,80176
"3038",1,170854
"3039",1,167335
"3040",0,0
"3041",1,58939
"3042",0,0
"3043",1,38736
"3044",1,188148
"3045",1,159191
"3046",0,0
"3047",1,331922
"3048",1,164762
"3049",1,8155
"3050",1,343686
"3051",1,277781
"3052",1,25022
"3053",1,134153
"3054",1,191409
"3055",1,279868
"3056",0,0
"3057",0,0
"3058",0,0
"3059",1,88717
"3060",1,236372
"3061",0,0
"3062",0,0
"3063",0,0
"3064",1,19388
"3065",1,143876
"3066",0,0
"3067",1,138822
"3068",1,95958
"3069",0,0
"3070",1,375069
"3071",1,40317
"3072",0,0
"3073",0,0
"3074",1,16578
"3075",1,42541
"3076",1,125703
"3077",1,276502
"3078",0,0
"3079",0,0
"3080",1,280858
"3081",0,0
"3082",0,0
"3083",1,311319
"3084",1,111105
"3085",1,274218
"3086",0,0
"3087",0,0
"3088",1,35069
"3089",1,564598
"3090",0,0
"3091",1,32103
"3092",1,75043
"3093",1,77790
"3094",0,0
"3095",1,234553
"3096",0,0
"3097",0,0
"3098",0,0
"3099",0,0
"3100",1,181561
"3101",1,182529
"3102",1,188983
"3103",0,0
"3104",0,0
"3105",0,0
"3106",0,0
"3107",1,250237
"3108",0,0
"3109",1,276334
"3110",1,293216
"3111",1,241012
"3112",1,5084
"3113",1,5386
"3114",1,19601
"3115",0,0
"3116",0,0
"3117",0,0
"3118",1,283453
"3119",0,0
"3120",0,0
"3121",0,0
"3122",0,0
"3123",0,0
"3124",1,206155
"3125",1,260505
"3126",0,0
"3127",1,585354
"3128",1,600313
"3129",0,0
"3130",0,0
"3131",0,0
"3132",0,0
"3133",0,0
"3134",0,0
"3135",0,0
"3136",0,0
"3137",0,0
"3138",0,0
"3139",0,0
"3140",0,0
"3141",1,147526
"3142",1,87594
"3143",1,444548
"3144",0,0
"3145",0,0
"3146",1,19382
"3147",1,5637
"3148",1,65105
"3149",0,0
"3150",0,0
"3151",0,0
"3152",0,0
"3153",0,0
"3154",1,151662
"3155",0,0
"3156",0,0
"3157",1,298159
"3158",1,315374
"3159",1,370557
"3160",0,0
"3161",1,335342
"3162",0,0
"3163",0,0
"3164",0,0
"3165",0,0
"3166",0,0
"3167",0,0
"3168",0,0
"3169",0,0
"3170",0,0
"3171",0,0
"3172",0,0
"3173",0,0
"3174",0,0
"3175",0,0
"3176",1,169393
"3177",0,0
"3178",0,0
"3179",1,549413
"3180",0,0
"3181",0,0
"3182",0,0
"3183",1,90516
"3184",1,15927
"3185",0,0
"3186",1,275470
"3187",0,0
"3188",0,0
"3189",1,237905
"3190",1,120063
"3191",0,0
"3192",0,0
"3193",1,21710
"3194",1,94456
"3195",1,90258
"3196",0,0
"3197",0,0
"3198",0,0
"3199",0,0
"3200",0,0
"3201",0,0
"3202",1,16631
"3203",1,50049
"3204",0,0
"3205",0,0
"3206",0,0
"3207",0,0
"3208",0,0
"3209",1,19253
"3210",0,0
"3211",1,187282
"3212",1,106718
"3213",1,196541
"3214",0,0
"3215",0,0
"3216",0,0
"3217",0,0
"3218",1,6587
"3219",1,99631
"3220",1,33873
"3221",0,0
"3222",0,0
"3223",0,0
"3224",1,17331
"3225",0,0
"3226",0,0
"3227",0,0
"3228",0,0
"3229",0,0
"3230",0,0
"3231",0,0
"3232",0,0
"3233",0,0
"3234",0,0
"3235",1,426762
"3236",0,0
"3237",0,0
"3238",0,0
"3239",0,0
"3240",0,0
"3241",0,0
"3242",0,0
"3243",1,222857
"3244",1,109765
"3245",0,0
"3246",0,0
"3247",0,0
"3248",0,0
"3249",1,20209
"3250",1,199403
"3251",1,169761
"3252",0,0
"3253",0,0
"3254",0,0
"3255",0,0
"3256",0,0
"3257",0,0
"3258",1,172999
"3259",0,0
"3260",0,0
"3261",0,0
"3262",0,0
"3263",0,0
"3264",1,110033
"3265",0,0
"3266",0,0
"3267",0,0
"3268",0,0
"3269",0,0
"3270",0,0
"3271",0,0
"3272",1,150382
"3273",0,0
"3274",0,0
"3275",0,0
"3276",0,0
"3277",0,0
"3278",0,0
"3279",1,157083
"3280",0,0
"3281",0,0
"3282",0,0
"3283",0,0
"3284",0,0
"3285",0,0
"3286",0,0
"3287",1,73793
"3288",0,0
"3289",0,0
"3290",0,0
"3291",0,0
"3292",0,0
"3293",1,121777
"3294",0,0
"3295",0,0
"3296",0,0
"3297",0,0
"3298",1,6699
"3299",0,0
"3300",0,0
"3301",0,0
"3302",0,0
"3303",0,0
"3304",1,61567
"3305",0,0
"3306",0,0
"3307",0,0
"3308",0,0
"3309",0,0
"3310",0,0
"3311",0,0
"3312",0,0
"3313",0,0
"3314",0,0
"3315",0,0
"3316",0,0
"3317",0,0
"3318",0,0
"3319",0,0
"3320",0,0
"3321",0,0
"3322",0,0
"3323",0,0
"3324",0,0
"3325",0,0
"3326",1,151668
"3327",1,106484
"3328",0,0
"3329",0,0
"3330",0,0
"3331",0,0
"3332",0,0
"3333",1,6659
"3334",0,0
"3335",1,178648
"3336",0,0
"3337",0,0
"3338",0,0
"3339",0,0
"3340",1,33556
"3341",0,0
"3342",0,0
"3343",0,0
"3344",0,0
"3345",0,0
"3346",0,0
"3347",0,0
"3348",0,0
"3349",1,15549
"3350",0,0
"3351",0,0
"3352",0,0
"3353",0,0
"3354",0,0
"3355",0,0
"3356",0,0
"3357",0,0
"3358",1,4015
"3359",1,140580
"3360",0,0
"3361",1,77200
"3362",0,0
"3363",0,0
"3364",0,0
"3365",0,0
"3366",0,0
"3367",1,10080
"3368",1,100913
"3369",1,88385
"3370",0,0
"3371",0,0
"3372",0,0
"3373",0,0
"3374",0,0
"3375",0,0
"3376",0,0
"3377",0,0
"3378",0,0
"3379",0,0
"3380",0,0
"3381",0,0
"3382",0,0
"3383",0,0
"3384",1,13466
"3385",0,0
"3386",0,0
"3387",0,0
"3388",0,0
"3389",1,124679
"3390",0,0
"3391",0,0
"3392",0,0
"3393",0,0
"3394",0,0
"3395",0,0
"3396",0,0
"3397",0,0
"3398",0,0
"3399",0,0
"3400",0,0
"3401",1,13363
"3402",0,0
"3403",0,0
"3404",0,0
"3405",0,0
"3406",0,0
"3407",0,0
"3408",0,0
"3409",1,5594
"3410",0,0
"3411",0,0
"3412",0,0
"3413",0,0
"3414",0,0
"3415",0,0
"3416",0,0
"3417",1,10755
"3418",1,140952
"3419",0,0
"3420",0,0
"3421",1,5333
"3422",1,6148
"3423",1,73864
"3424",1,166710
"3425",1,6598
"3426",0,0
"3427",0,0
"3428",0,0
"3429",0,0
"3430",1,81103
"3431",0,0
"3432",0,0
"3433",0,0
"3434",1,36322
"3435",0,0
"3436",0,0
"3437",0,0
"3438",0,0
"3439",0,0
"3440",0,0
"3441",0,0
"3442",0,0
"3443",0,0
"3444",0,0
"3445",0,0
"3446",1,146007
"3447",1,205571
"3448",0,0
"3449",0,0
"3450",0,0
"3451",0,0
"3452",1,141299
"3453",1,174552
"3454",0,0
"3455",0,0
"3456",0,0
"3457",0,0
"3458",0,0
"3459",0,0
"3460",0,0
"3461",0,0
"3462",0,0
"3463",0,0
"3464",0,0
"3465",1,22114
"3466",1,189516
"3467",1,142979
"3468",0,0
"3469",0,0
"3470",0,0
"3471",0,0
"3472",1,24905
"3473",1,99234
"3474",0,0
"3475",0,0
"3476",1,6023
"3477",0,0
"3478",1,90796
"3479",1,257455
"3480",0,0
"3481",0,0
"3482",0,0
"3483",0,0
"3484",0,0
"3485",0,0
"3486",0,0
"3487",1,167034
"3488",0,0
"3489",0,0
"3490",0,0
"3491",0,0
"3492",0,0
"3493",1,3186
"3494",1,179866
"3495",1,343690
"3496",0,0
"3497",1,129217
"3498",1,107668
"3499",1,62877
"3500",0,0
"3501",1,162351
"3502",1,292288
"3503",0,0
"3504",0,0
"3505",1,11943
"3506",1,1451
"3507",1,9144
"3508",1,5546
"3509",0,0
"3510",0,0
"3511",0,0
"3512",1,12705
"3513",1,149070
"3514",0,0
"3515",0,0
"3516",0,0
"3517",1,151382
"3518",1,325830
"3519",0,0
"3520",0,0
"3521",0,0
"3522",0,0
"3523",0,0
"3524",1,259679
"3525",0,0
"3526",0,0
"3527",0,0
"3528",1,7503
"3529",0,0
"3530",0,0
"3531",0,0
"3532",0,0
"3533",0,0
"3534",0,0
"3535",0,0
"3536",0,0
"3537",0,0
"3538",0,0
"3539",0,0
"3540",0,0
"3541",1,65597
"3542",1,158825
"3543",0,0
"3544",1,31779
"3545",0,0
"3546",0,0
"3547",0,0
"3548",0,0
"3549",0,0
"3550",0,0
"3551",1,4398
"3552",0,0
"3553",0,0
"3554",0,0
"3555",0,0
"3556",0,0
"3557",0,0
"3558",0,0
"3559",0,0
"3560",1,231583
"3561",1,133039
"3562",0,0
"3563",0,0
"3564",0,0
"3565",0,0
"3566",1,207809
"3567",1,161793
"3568",0,0
"3569",0,0
"3570",1,7355
"3571",0,0
"3572",1,77529
"3573",0,0
"3574",1,202641
"3575",0,0
"3576",0,0
"3577",0,0
"3578",0,0
"3579",1,146016
"3580",1,128507
"3581",0,0
"3582",0,0
"3583",0,0
"3584",0,0
"3585",0,0
"3586",1,151032
"3587",0,0
"3588",0,0
"3589",0,0
"3590",0,0
"3591",1,159559
"3592",0,0
"3593",0,0
"3594",0,0
"3595",1,148550
"3596",0,0
"3597",0,0
"3598",0,0
"3599",0,0
"3600",0,0
"3601",0,0
"3602",1,181613
"3603",0,0
"3604",0,0
"3605",0,0
"3606",0,0
"3607",0,0
"3608",0,0
"3609",0,0
"3610",0,0
"3611",0,0
"3612",0,0
"3613",1,150516
"3614",0,0
"3615",0,0
"3616",0,0
"3617",0,0
"3618",0,0
"3619",0,0
"3620",1,215423
"3621",1,3748
"3622",1,89960
"3623",0,0
"3624",0,0
"3625",0,0
"3626",0,0
"3627",0,0
"3628",1,184064
"3629",1,189523
"3630",0,0
"3631",0,0
"3632",0,0
"3633",0,0
"3634",1,269547
"3635",1,203103
"3636",0,0
"3637",0,0
"3638",0,0
"3639",1,133445
"3640",0,0
"3641",0,0
"3642",0,0
"3643",0,0
"3644",0,0
"3645",0,0
"3646",0,0
"3647",1,84145
"3648",0,0
"3649",1,258024
"3650",0,0
"3651",0,0
"3652",1,223036
"3653",0,0
"3654",1,189561
"3655",0,0
"3656",0,0
"3657",0,0
"3658",0,0
"3659",0,0
"3660",0,0
"3661",0,0
"3662",0,0
"3663",1,279204
"3664",0,0
"3665",1,197412
"3666",1,238674
"3667",0,0
"3668",0,0
"3669",0,0
"3670",0,0
"3671",1,389915
"3672",1,205702
"3673",1,1887
"3674",0,0
"3675",0,0
"3676",1,161086
"3677",1,227912
"3678",1,199340
"3679",0,0
"3680",0,0
"3681",0,0
"3682",0,0
"3683",0,0
"3684",1,221818
"3685",1,129409
"3686",1,433320
"3687",0,0
"3688",1,489900
"3689",0,0
"3690",1,201483
"3691",1,536669
"3692",1,277701
"3693",0,0
"3694",0,0
"3695",0,0
"3696",1,248915
"3697",1,197056
"3698",0,0
"3699",0,0
"3700",1,105844
"3701",0,0
"3702",0,0
"3703",0,0
"3704",0,0
"3705",0,0
"3706",0,0
"3707",1,78887
"3708",1,116215
"3709",1,200553
"3710",0,0
"3711",0,0
"3712",1,482094
"3713",0,0
"3714",0,0
"3715",1,388195
"3716",0,0
"3717",0,0
"3718",1,486098
"3719",1,205170
"3720",0,0
"3721",0,0
"3722",1,315311
"3723",0,0
"3724",1,215600
"3725",0,0
"3726",0,0
"3727",0,0
"3728",1,344481
"3729",1,61482
"3730",0,0
"3731",0,0
"3732",1,226663
"3733",0,0
"3734",1,176683
"3735",0,0
"3736",1,55614
"3737",0,0
"3738",0,0
"3739",0,0
"3740",1,243715
"3741",1,22349
"3742",0,0
"3743",1,137868
"3744",0,0
"3745",0,0
"3746",0,0
"3747",1,265054
"3748",0,0
"3749",0,0
"3750",0,0
"3751",1,305386
"3752",0,0
"3753",1,322941
"3754",1,282634
"3755",1,37465
"3756",0,0
"3757",0,0
"3758",0,0
"3759",1,109003
"3760",1,320809
"3761",1,186842
"3762",0,0
"3763",0,0
"3764",1,236271
"3765",1,278207
"3766",1,176740
"3767",1,73440
"3768",0,0
"3769",1,44644
"3770",1,133980
"3771",1,104030
"3772",0,0
"3773",0,0
"3774",1,68275
"3775",1,96422
"3776",1,65556
"3777",0,0
"3778",0,0
"3779",0,0
"3780",1,321967
"3781",0,0
"3782",1,79820
"3783",0,0
"3784",1,200731
"3785",1,238754
"3786",1,319176
"3787",1,134079
"3788",1,87482
"3789",0,0
"3790",0,0
"3791",1,205458
"3792",1,345812
"3793",0,0
"3794",1,347772
"3795",1,276557
"3796",1,323047
"3797",1,137515
"3798",1,197669
"3799",1,95947
"3800",1,79765
"3801",0,0
"3802",0,0
"3803",0,0
"3804",0,0
"3805",1,713651
"3806",0,0
"3807",0,0
"3808",0,0
"3809",1,105785
"3810",0,0
"3811",1,125753
"3812",1,117074
"3813",0,0
"3814",0,0
"3815",1,220462
"3816",0,0
"3817",1,166434
"3818",0,0
"3819",1,92315
"3820",1,63087
"3821",1,314386
"3822",1,194204
"3823",0,0
"3824",1,216487
"3825",1,151430
"3826",1,382367
"3827",0,0
"3828",1,101909
"3829",1,132298
"3830",0,0
"3831",1,358573
"3832",1,178685
"3833",1,274410
"3834",0,0
"3835",1,178585
"3836",1,160914
"3837",1,256397
"3838",1,160401
"3839",0,0
"3840",0,0
"3841",1,54154
"3842",0,0
"3843",1,517399
"3844",0,0
"3845",1,169897
"3846",1,146551
"3847",0,0
"3848",0,0
"3849",0,0
"3850",1,321874
"3851",1,373233
"3852",1,123768
"3853",1,167345
"3854",0,0
"3855",0,0
"3856",0,0
"3857",1,475388
"3858",1,249136
"3859",1,106859
"3860",0,0
"3861",0,0
"3862",0,0
"3863",0,0
"3864",1,234151
"3865",1,98299
"3866",0,0
"3867",0,0
"3868",0,0
"3869",0,0
"3870",1,314386
"3871",1,266900
"3872",0,0
"3873",1,189727
"3874",1,87456
"3875",0,0
"3876",0,0
"3877",1,520852
"3878",1,181972
"3879",1,127905
"3880",0,0
"3881",0,0
"3882",0,0
"3883",1,352885
"3884",0,0
"3885",1,106496
"3886",0,0
"3887",1,338286
"3888",1,46312
"3889",0,0
"3890",0,0
"3891",1,113651
"3892",1,244820
"3893",1,137778
"3894",1,224265
"3895",0,0
"3896",0,0
"3897",0,0
"3898",0,0
"3899",1,221261
"3900",0,0
"3901",0,0
"3902",1,461270
"3903",0,0
"3904",0,0
"3905",1,333434
"3906",1,186438
"3907",0,0
"3908",0,0
"3909",1,149528
"3910",0,0
"3911",0,0
"3912",1,326398
"3913",1,172880
"3914",1,275030
"3915",1,117720
"3916",1,414999
"3917",1,81706
"3918",1,1373308
"3919",0,0
"3920",0,0
"3921",1,1248762
"3922",0,0
"3923",0,0
"3924",0,0
"3925",1,332292
"3926",1,70471
"3927",1,159646
"3928",0,0
"3929",1,179526
"3930",1,414627
"3931",1,118234
"3932",1,351542
"3933",1,186739
"3934",1,249566
"3935",0,0
"3936",0,0
"3937",1,129731
"3938",1,274787
"3939",0,0
"3940",1,318923
"3941",1,165686
"3942",1,1887507
"3943",1,259425
"3944",1,251292
"3945",0,0
"3946",1,23997
"3947",1,296241
"3948",1,282410
"3949",1,210818
"3950",0,0
"3951",1,235953
"3952",1,242336
"3953",0,0
"3954",1,222341
"3955",1,137244
"3956",1,593176
"3957",0,0
"3958",0,0
"3959",0,0
"3960",0,0
"3961",1,382353
"3962",0,0
"3963",0,0
"3964",1,120948
"3965",1,131904
"3966",0,0
"3967",0,0
"3968",0,0
"3969",1,69558
"3970",1,163710
"3971",1,363559
"3972",1,29910
"3973",0,0
"3974",0,0
"3975",0,0
"3976",1,152662
"3977",0,0
"3978",1,357928
"3979",1,262271
"3980",1,55705
"3981",0,0
"3982",0,0
"3983",0,0
"3984",1,70570
"3985",0,0
"3986",1,97476
"3987",1,259655
"3988",0,0
"3989",1,158633
"3990",1,132031
"3991",0,0
"3992",0,0
"3993",0,0
"3994",0,0
"3995",1,285004
"3996",1,77494
"3997",1,372960
"3998",1,200379
"3999",1,14874
"4000",0,0
"4001",1,209120
"4002",1,219359
"4003",1,14418
"4004",1,64142
"4005",0,0
"4006",1,93486
"4007",0,0
"4008",1,11118
"4009",1,505479
"4010",0,0
"4011",1,77820
"4012",1,11829
"4013",1,25041
"4014",0,0
"4015",1,129350
"4016",1,171665
"4017",0,0
"4018",1,35551
"4019",1,267909
"4020",1,553152
"4021",1,363649
"4022",0,0
"4023",1,171080
"4024",1,23571
"4025",1,240437
"4026",0,0
"4027",1,8656
"4028",0,0
"4029",0,0
"4030",1,99198
"4031",0,0
"4032",1,458883
"4033",1,102834
"4034",0,0
"4035",1,38655
"4036",1,23934
"4037",1,92911
"4038",0,0
"4039",1,25905
"4040",0,0
"4041",1,296705
"4042",0,0
"4043",1,192243
"4044",1,114755
"4045",1,196215
"4046",1,174478
"4047",0,0
"4048",0,0
"4049",1,66590
"4050",1,181013
"4051",0,0
"4052",0,0
"4053",1,137678
"4054",1,112121
"4055",1,130365
"4056",1,155709
"4057",1,154234
"4058",1,34402
"4059",1,51725
"4060",1,263803
"4061",1,199230
"4062",0,0
"4063",1,122731
"4064",1,125911
"4065",1,166076
"4066",1,140845
"4067",1,207092
"4068",0,0
"4069",1,105217
"4070",1,376709
"4071",0,0
"4072",1,233716
"4073",0,0
"4074",1,139823
"4075",0,0
"4076",1,56986
"4077",1,305748
"4078",0,0
"4079",1,84100
"4080",1,96152
"4081",1,387200
"4082",1,284799
"4083",1,36440
"4084",0,0
"4085",1,97543
"4086",1,190368
"4087",1,109805
"4088",1,40969
"4089",1,60786
"4090",1,161084
"4091",1,260081
"4092",1,133914
"4093",1,348522
"4094",1,143919
"4095",0,0
"4096",1,146099
"4097",1,140907
"4098",1,111562
"4099",0,0
"4100",0,0
"4101",1,284009
"4102",1,126559
"4103",1,247708
"4104",1,114325
"4105",0,0
"4106",0,0
"4107",0,0
"4108",0,0
"4109",1,174175
"4110",0,0
"4111",0,0
"4112",1,242083
"4113",1,52441
"4114",0,0
"4115",0,0
"4116",1,236265
"4117",0,0
"4118",0,0
"4119",0,0
"4120",0,0
"4121",1,97809
"4122",0,0
"4123",1,107154
"4124",1,164246
"4125",0,0
"4126",0,0
"4127",1,97172
"4128",1,399499
"4129",1,103086
"4130",1,73600
"4131",0,0
"4132",1,180313
"4133",0,0
"4134",1,133169
"4135",0,0
"4136",1,296430
"4137",0,0
"4138",0,0
"4139",0,0
"4140",1,133995
"4141",0,0
"4142",1,233221
"4143",1,293797
"4144",0,0
"4145",1,117162
"4146",0,0
"4147",0,0
"4148",0,0
"4149",0,0
"4150",0,0
"4151",0,0
"4152",0,0
"4153",1,19086
"4154",1,198896
"4155",1,173564
"4156",0,0
"4157",1,54523
"4158",0,0
"4159",0,0
"4160",0,0
"4161",0,0
"4162",0,0
"4163",1,126443
"4164",1,324892
"4165",0,0
"4166",0,0
"4167",1,410444
"4168",0,0
"4169",0,0
"4170",1,78963
"4171",1,186889
"4172",0,0
"4173",0,0
"4174",0,0
"4175",1,95696
"4176",1,449089
"4177",0,0
"4178",0,0
"4179",1,220488
"4180",0,0
"4181",0,0
"4182",1,244976
"4183",1,280046
"4184",1,960593
"4185",0,0
"4186",1,200713
"4187",1,62504
"4188",0,0
"4189",0,0
"4190",1,26281
"4191",0,0
"4192",1,75665
"4193",0,0
"4194",0,0
"4195",1,286764
"4196",1,121571
"4197",0,0
"4198",0,0
"4199",0,0
"4200",1,406586
"4201",1,40565
"4202",1,126575
"4203",1,103920
"4204",1,867399
"4205",0,0
"4206",1,215627
"4207",0,0
"4208",0,0
"4209",1,61455
"4210",1,150796
"4211",0,0
"4212",0,0
"4213",1,132881
"4214",0,0
"4215",1,124186
"4216",0,0
"4217",0,0
"4218",1,685096
"4219",0,0
"4220",1,90158
"4221",0,0
"4222",0,0
"4223",0,0
"4224",1,597331
"4225",1,284589
"4226",0,0
"4227",1,225015
"4228",1,88865
"4229",1,137484
"4230",1,74123
"4231",1,206582
"4232",1,87348
"4233",1,147682
"4234",1,44725
"4235",1,102511
"4236",1,56396
"4237",1,238680
"4238",1,33676
"4239",1,328166
"4240",1,577647
"4241",0,0
"4242",1,49410
"4243",0,0
"4244",0,0
"4245",1,796519
"4246",1,260659
"4247",1,165004
"4248",0,0
"4249",1,221349
"4250",0,0
"4251",1,618567
"4252",0,0
"4253",0,0
"4254",1,494610
"4255",1,240822
"4256",1,68588
"4257",1,336592
"4258",1,274409
"4259",0,0
"4260",1,2713589
"4261",1,1189961
"4262",0,0
"4263",0,0
"4264",0,0
"4265",1,41329
"4266",0,0
"4267",0,0
"4268",0,0
"4269",1,27169
"4270",1,297484
"4271",1,32281
"4272",0,0
"4273",0,0
"4274",0,0
"4275",0,0
"4276",1,426578
"4277",0,0
"4278",1,110749
"4279",0,0
"4280",1,68796
"4281",1,32682
"4282",0,0
"4283",0,0
"4284",1,195250
"4285",1,199377
"4286",0,0
"4287",1,853766
"4288",1,82273
"4289",1,167536
"4290",1,121389
"4291",0,0
"4292",1,92638
"4293",0,0
"4294",1,98058
"4295",1,258715
"4296",1,131741
"4297",1,222454
"4298",1,221705
"4299",1,272705
"4300",1,258864
"4301",1,205924
"4302",0,0
"4303",1,255254
"4304",1,681375
"4305",1,121906
"4306",1,133019
"4307",0,0
"4308",1,413742
"4309",1,406154
"4310",1,139440
"4311",0,0
"4312",1,325693
"4313",0,0
"4314",1,251122
"4315",0,0
"4316",1,53416
"4317",1,212229
"4318",1,49572
"4319",1,146071
"4320",1,271186
"4321",1,764120
"4322",1,295478
"4323",1,309698
"4324",0,0
"4325",1,59633
"4326",1,88972
"4327",1,248063
"4328",1,72229
"4329",1,51521
"4330",1,452407
"4331",1,177560
"4332",1,206462
"4333",0,0
"4334",1,292469
"4335",0,0
"4336",1,74860
"4337",1,34419
"4338",1,368703
"4339",1,151426
"4340",1,187392
"4341",1,200110
"4342",1,106261
"4343",1,433616
"4344",1,91662
"4345",0,0
"4346",1,873030
"4347",0,0
"4348",1,151605
"4349",1,141610
"4350",1,205104
"4351",0,0
"4352",1,87754
"4353",1,149098
"4354",1,76887
"4355",1,1281520
"4356",1,554054
"4357",1,223185
"4358",1,65308
"4359",0,0
"4360",1,418663
"4361",1,88360
"4362",1,406967
"4363",1,83368
"4364",1,135401
"4365",1,442334
"4366",0,0
"4367",1,170530
"4368",1,154490
"4369",0,0
"4370",1,364369
"4371",1,258475
"4372",1,145247
"4373",1,145357
"4374",1,35828
"4375",1,385281
"4376",1,88707
"4377",1,113269
"4378",1,701894
"4379",1,289889
"4380",0,0
"4381",1,578801
"4382",1,346694
"4383",1,90447
"4384",0,0
"4385",1,59725
"4386",1,27099
"4387",0,0
"4388",1,103112
"4389",1,196447
"4390",1,555188
"4391",0,0
"4392",1,156848
"4393",1,199093
"4394",1,334955
"4395",1,211436
"4396",1,67048
"4397",0,0
"4398",1,132221
"4399",1,735885
"4400",1,47214
"4401",0,0
"4402",1,149033
"4403",1,241374
"4404",1,60546
"4405",1,100572
"4406",1,235976
"4407",1,234647
"4408",1,229061
"4409",1,147911
"4410",1,255121
"4411",1,86055
"4412",1,49932
"4413",1,82625
"4414",0,0
"4415",1,266435
"4416",1,249245
"4417",1,133566
"4418",1,108913
"4419",1,180124
"4420",1,305451
"4421",1,413841
"4422",1,167705
"4423",1,51543
"4424",1,385583
"4425",1,95395
"4426",1,75002
"4427",1,73028
"4428",1,103498
"4429",1,94856
"4430",1,79727
"4431",0,0
"4432",1,141791
"4433",1,207691
"4434",0,0
"4435",1,97877
"4436",1,59632
"4437",1,29450
"4438",1,121258
"4439",1,143486
"4440",1,31101
"4441",0,0
"4442",1,283220
"4443",1,262738
"4444",1,224517
"4445",1,181865
"4446",1,133147
"4447",1,85726
"4448",1,143474
"4449",1,471549
"4450",1,146451
"4451",1,33738
"4452",0,0
"4453",1,313529
"4454",1,149774
"4455",1,157349
"4456",1,231150
"4457",1,225473
"4458",1,258811
"4459",1,164277
"4460",1,354087
"4461",1,101762
"4462",1,338351
"4463",1,276039
"4464",1,98660
"4465",1,56139
"4466",1,163881
"4467",1,53913
"4468",1,380294
"4469",1,214936
"4470",1,39149
"4471",0,0
"4472",1,242265
"4473",1,174763
"4474",1,271055
"4475",0,0
"4476",1,221138
"4477",1,197012
"4478",1,325900
"4479",1,355382
"4480",1,1721614
"4481",1,179404
"4482",1,152819
"4483",1,190244
"4484",1,144226
"4485",1,292712
"4486",1,408480
"4487",0,0
"4488",1,196403
"4489",1,349847
"4490",1,192729
"4491",1,82935
"4492",1,103118
"4493",0,0
"4494",1,321783
"4495",1,100998
"4496",1,59554
"4497",1,322344
"4498",1,220311
"4499",1,182189
"4500",1,75433
"4501",1,181706
"4502",1,178353
"4503",1,383005
"4504",1,335483
"4505",1,107854
"4506",0,0
"4507",1,130278
"4508",1,76419
"4509",1,467487
"4510",0,0
"4511",1,117516
"4512",0,0
"4513",0,0
"4514",1,43785
"4515",1,281973
"4516",1,282255
"4517",1,357238
"4518",1,424729
"4519",1,86522
"4520",1,685565
"4521",1,322511
"4522",1,264760
"4523",1,219332
"4524",1,176324
"4525",1,123960
"4526",1,268844
"4527",1,218680
"4528",1,178437
"4529",1,300106
"4530",1,199307
"4531",1,66635
"4532",0,0
"4533",1,189259
"4534",1,145430
"4535",1,104506
"4536",0,0
"4537",1,78040
"4538",1,96576
"4539",1,145304
"4540",0,0
"4541",0,0
"4542",1,107114
"4543",1,108039
"4544",0,0
"4545",0,0
"4546",1,147716
"4547",0,0
"4548",1,465918
"4549",1,298607
"4550",1,322071
"4551",1,219913
"4552",1,97516
"4553",0,0
"4554",1,174825
"4555",1,349026
"4556",1,182139
"4557",1,126786
"4558",1,194811
"4559",1,67828
"4560",1,178801
"4561",1,703511
"4562",1,195224
"4563",0,0
"4564",1,194589
"4565",1,236195
"4566",1,307356
"4567",1,101155
"4568",1,282853
"4569",0,0
"4570",1,200023
"4571",1,329723
"4572",0,0
"4573",1,83822
"4574",1,180735
"4575",1,68633
"4576",1,146450
"4577",1,179818
"4578",1,104705
"4579",1,371295
"4580",1,251533
"4581",1,97775
"4582",1,53549
"4583",0,0
"4584",1,44597
"4585",0,0
"4586",1,131606
"4587",0,0
"4588",1,54704
"4589",1,137275
"4590",1,67976
"4591",1,222965
"4592",1,217971
"4593",0,0
"4594",1,245339
"4595",1,428112
"4596",1,315000
"4597",1,76806
"4598",1,176050
"4599",1,29129
"4600",0,0
"4601",0,0
"4602",1,69807
"4603",1,149945
"4604",0,0
"4605",1,178469
"4606",1,209468
"4607",1,309638
"4608",1,138753
"4609",1,400482
"4610",0,0
"4611",1,213600
"4612",1,70622
"4613",1,53676
"4614",1,412229
"4615",1,46556
"4616",1,157308
"4617",1,51542
"4618",1,180564
"4619",1,275389
"4620",0,0
"4621",0,0
"4622",1,135610
"4623",1,65200
"4624",0,0
"4625",0,0
"4626",1,136686
"4627",1,84842
"4628",0,0
"4629",1,315829
"4630",1,116529
"4631",1,390102
"4632",1,368916
"4633",0,0
"4634",0,0
"4635",0,0
"4636",1,409657
"4637",0,0
"4638",0,0
"4639",1,125607
"4640",0,0
"4641",0,0
"4642",1,0
"4643",0,0
"4644",0,0
"4645",1,145560
"4646",0,0
"4647",0,0
"4648",0,0
"4649",0,0
"4650",0,0
"4651",0,0
"4652",0,0
"4653",0,0
